seed,score_spearman,stage2_jaccard,n_stage2,algo
1,0.9977163597556354,0.7586206896551724,22,IF
2,0.9984063753053298,0.8666666666666667,27,IF
3,0.9966762473897507,0.6333333333333333,20,IF
4,0.997575141170719,0.9310344827586207,27,IF
5,0.9986611566525225,0.6666666666666666,21,IF
6,0.9985020311536829,0.896551724137931,26,IF
7,0.9983360037234541,0.8,25,IF
8,0.9966777735471872,0.9310344827586207,27,IF
9,0.9971025151860757,0.8,25,IF
10,0.9979392638362243,0.7931034482758621,23,IF
11,0.9977859599342975,0.6666666666666666,21,IF
12,0.997709365329856,0.7096774193548387,24,IF
13,0.9968747200021385,0.7931034482758621,23,IF
14,0.9981093813683832,0.7931034482758621,23,IF
15,0.9974747440599294,0.7931034482758621,23,IF
16,0.9984784543336466,0.7931034482758621,23,IF
17,0.9985020237541317,0.8125,29,IF
18,0.9974169868629756,0.7241379310344828,21,IF
19,0.998012746929383,0.65625,24,IF
1,1.0,1.0,15,MCD
2,1.0,1.0,15,MCD
3,0.9998084811178084,1.0,15,MCD
4,1.0,1.0,15,MCD
5,1.0,1.0,15,MCD
6,1.0,1.0,15,MCD
7,0.9998084811178084,1.0,15,MCD
8,1.0,1.0,15,MCD
9,1.0,1.0,15,MCD
10,1.0,1.0,15,MCD
11,1.0,1.0,15,MCD
12,1.0,1.0,15,MCD
13,1.0,1.0,15,MCD
14,0.9998084811178084,1.0,15,MCD
15,1.0,1.0,15,MCD
16,1.0,1.0,15,MCD
17,0.9998084811178084,1.0,15,MCD
18,1.0,1.0,15,MCD
19,1.0,1.0,15,MCD
