idx,Machine_Name,Item No,working time,Thickness 1(mm),Thickness 2(mm),weld force(bar),weld current(kA),weld Voltage(v),weld time(ms),anomaly_score,anomaly_score_raw,defect_type,is_defect
8,Spot-01,65235-25800,2020-03-24,0.7,0.7,2.33,14.53,2.7,70.0,-1,-0.1149244322670202,1,1
147,Spot-01,65235-25800,2020-03-24,0.7,0.7,2.38,14.52,2.707,73.0,-1,-0.0871111616954439,2,1
311,Spot-01,65235-25800,2020-03-24,0.7,0.7,2.35,14.54,2.696,73.0,-1,-0.0838637506956822,3,1
385,Spot-01,65235-25800,2020-03-24,0.7,0.7,2.33,14.55,2.701,70.0,-1,-0.1054047669105577,1,1
682,Spot-01,65235-25800,2020-03-25,0.7,0.7,9.07,14.78,2.468,72.0,-1,-0.2200974260848655,3,1
684,Spot-01,65235-25800,2020-03-25,0.7,0.7,9.01,14.750000000000002,2.464,71.0,-1,-0.240647149561148,1,1
685,Spot-01,65235-25800,2020-03-25,0.7,0.7,9.01,14.83,2.464,71.0,-1,-0.2410943232188153,1,1
686,Spot-01,65235-25800,2020-03-25,0.7,0.7,9.05,14.83,2.467,71.0,-1,-0.2390913776633665,2,1
687,Spot-01,65235-25800,2020-03-25,0.7,0.7,9.05,14.8,2.467,71.0,-1,-0.2426000937092071,1,1
688,Spot-01,65235-25800,2020-03-25,0.7,0.7,9.04,14.8,2.496,71.0,-1,-0.2307728829624916,2,1
690,Spot-01,65235-25800,2020-03-25,0.7,0.7,8.98,14.8,2.54,73.0,-1,-0.2296052965307797,3,1
818,Spot-01,65235-25800,2020-03-25,0.7,0.7,5.14,14.89,2.857,73.0,-1,-0.2271561845532347,3,1
126,Spot-01,65235-25800,2020-03-26,0.7,0.7,2.38,14.52,2.707,73.0,-1,-0.0871111616954439,1,1
264,Spot-01,65235-25800,2020-03-26,0.7,0.7,2.37,14.61,2.707,70.0,-1,-0.0676841126120219,3,1
290,Spot-01,65235-25800,2020-03-26,0.7,0.7,2.35,14.54,2.696,73.0,-1,-0.0838637506956822,2,1
364,Spot-01,65235-25800,2020-03-26,0.7,0.7,2.33,14.55,2.701,70.0,-1,-0.1054047669105577,1,1
525,Spot-01,65235-25800,2020-03-26,0.7,0.7,2.38,14.52,2.707,73.0,-1,-0.0871111616954439,2,1
689,Spot-01,65235-25800,2020-03-26,0.7,0.7,2.35,14.54,2.696,73.0,-1,-0.0838637506956822,3,1
763,Spot-01,65235-25800,2020-03-26,0.7,0.7,2.33,14.55,2.701,70.0,-1,-0.1054047669105577,1,1
44,Spot-01,65235-25800,2020-03-30,0.7,0.7,2.33,14.55,2.701,70.0,-1,-0.1054047669105577,2,1
528,Spot-01,65235-25800,2020-03-30,0.7,0.7,2.33,14.55,2.701,70.0,-1,-0.1054047669105577,3,1
927,Spot-01,65235-25800,2020-03-30,0.7,0.7,2.33,14.55,2.701,70.0,-1,-0.1054047669105577,2,1
1223,Spot-01,65235-25800,2020-03-30,0.7,0.7,2.33,14.55,2.701,70.0,-1,-0.1054047669105577,1,1
1138,Spot-01,65235-25800,2020-03-31,0.7,0.7,9.01,14.750000000000002,2.464,71.0,-1,-0.240647149561148,2,1
1139,Spot-01,65235-25800,2020-03-31,0.7,0.7,9.01,14.83,2.464,71.0,-1,-0.2410943232188153,1,1
1140,Spot-01,65235-25800,2020-03-31,0.7,0.7,9.05,14.83,2.467,71.0,-1,-0.2390913776633665,2,1
1141,Spot-01,65235-25800,2020-03-31,0.7,0.7,9.05,14.8,2.467,71.0,-1,-0.2426000937092071,1,1
1142,Spot-01,65235-25800,2020-03-31,0.7,0.7,9.04,14.8,2.496,71.0,-1,-0.2307728829624916,2,1
130,Spot-01,65235-25800,2020-04-02,0.7,0.7,2.38,14.52,2.707,73.0,-1,-0.0871111616954439,3,1
334,Spot-01,65235-25800,2020-04-02,0.7,0.7,2.33,14.55,2.701,70.0,-1,-0.1054047669105577,1,1
733,Spot-01,65235-25800,2020-04-02,0.7,0.7,2.33,14.55,2.701,70.0,-1,-0.1054047669105577,3,1
1029,Spot-01,65235-25800,2020-04-02,0.7,0.7,2.33,14.55,2.701,70.0,-1,-0.1054047669105577,2,1
414,Spot-01,65235-25800,2020-04-03,0.7,0.7,9.01,14.750000000000002,2.464,71.0,-1,-0.240647149561148,2,1
415,Spot-01,65235-25800,2020-04-03,0.7,0.7,9.01,14.83,2.464,71.0,-1,-0.2410943232188153,1,1
416,Spot-01,65235-25800,2020-04-03,0.7,0.7,9.05,14.83,2.467,71.0,-1,-0.2390913776633665,3,1
417,Spot-01,65235-25800,2020-04-03,0.7,0.7,9.05,14.8,2.467,71.0,-1,-0.2426000937092071,1,1
86,Spot-01,65235-25800,2020-04-07,0.7,0.7,2.35,14.54,2.696,73.0,-1,-0.0838637506956822,3,1
160,Spot-01,65235-25800,2020-04-07,0.7,0.7,2.33,14.55,2.701,70.0,-1,-0.1054047669105577,2,1
296,Spot-01,65235-25800,2020-04-07,0.7,0.7,2.35,14.54,2.696,73.0,-1,-0.0838637506956822,3,1
